id,first_name,last_name,email,gender,age
1,Annadiana,Quinnell,aquinnell0@naver.com,Male,75
2,Caprice,Jorez,cjorez1@newsvine.com,Polygender,13
3,Jaymee,Stutely,jstutely2@buzzfeed.com,Male,8
4,Zebedee,Maskill,zmaskill3@irs.gov,Non-binary,70
5,Sigfried,Lampen,slampen4@slashdot.org,Bigender,13
6,Archer,Boulds,aboulds5@techcrunch.com,Bigender,31
7,Mahmoud,Sproule,msproule6@jalbum.net,Genderqueer,93
8,Theressa,Pershouse,tpershouse7@google.de,Male,76
9,Kippie,Adamsky,kadamsky8@cbsnews.com,Genderfluid,77
10,Michaeline,MacMurray,mmacmurray9@privacy.gov.au,Non-binary,72
11,Marie-ann,Brassington,mbrassingtona@biglobe.ne.jp,Female,48
12,Addy,Bavester,abavesterb@harvard.edu,Non-binary,2
13,Gael,Staniford,gstanifordc@google.co.jp,Male,40
14,Marijn,Sturmey,msturmeyd@japanpost.jp,Genderqueer,93
15,Cullan,Welford,cwelforde@imgur.com,Male,32
16,Hoyt,Blackaller,hblackallerf@wufoo.com,Genderfluid,51
17,Jacynth,Jovasevic,jjovasevicg@google.fr,Male,13
18,Roz,Fulloway,rfullowayh@mozilla.com,Agender,4
19,Viole,Muldowney,vmuldowneyi@msu.edu,Male,51
20,Amery,Mousley,amousleyj@nps.gov,Genderqueer,19
21,Scott,Glassford,sglassfordk@hostgator.com,Genderqueer,100
22,Penny,McEllen,pmcellenl@cnn.com,Genderfluid,69
23,Ettie,Regenhardt,eregenhardtm@google.com,Genderqueer,52
24,Garry,Knellen,gknellenn@time.com,Agender,38
25,Shandie,Selcraig,sselcraigo@seattletimes.com,Male,22
26,Enid,Featenby,efeatenbyp@printfriendly.com,Female,62
27,Kassia,Ashcroft,kashcroftq@who.int,Male,89
28,Penelope,Avarne,pavarner@cisco.com,Genderqueer,36
29,Aurore,Lauritsen,alauritsens@webmd.com,Non-binary,27
30,Farleigh,Labone,flabonet@squidoo.com,Genderqueer,9
31,Mufinella,Shaylor,mshayloru@hexun.com,Bigender,30
32,Goldie,Schlagtmans,gschlagtmansv@nytimes.com,Agender,55
33,Hildegarde,Hurren,hhurrenw@is.gd,Female,37
34,Ewell,Capon,ecaponx@prlog.org,Genderfluid,32
35,Grier,Meneyer,gmeneyery@home.pl,Polygender,80
36,Faydra,Radclyffe,fradclyffez@deviantart.com,Female,51
37,Emanuel,Denisevich,edenisevich10@google.de,Bigender,65
38,Dareen,Dawton,ddawton11@uiuc.edu,Bigender,73
39,Brucie,Grief,bgrief12@newsvine.com,Polygender,5
40,Ameline,Frawley,afrawley13@weibo.com,Non-binary,49
41,Lilith,Peasee,lpeasee14@shop-pro.jp,Bigender,58
42,Lyndell,Beeke,lbeeke15@is.gd,Male,44
43,Ivett,Thurlborn,ithurlborn16@europa.eu,Polygender,73
44,Reinaldo,Hourston,rhourston17@printfriendly.com,Non-binary,49
45,Torey,Bernardotte,tbernardotte18@google.com,Genderfluid,36
46,Pinchas,Robins,probins19@smh.com.au,Bigender,13
47,Meridith,Comben,mcomben1a@globo.com,Male,50
48,Molli,Madgett,mmadgett1b@csmonitor.com,Polygender,83
49,Broddie,Frigout,bfrigout1c@delicious.com,Genderqueer,56
50,Aloysius,Strettell,astrettell1d@ca.gov,Genderqueer,77
51,Natalina,Staterfield,nstaterfield1e@economist.com,Non-binary,45
52,Norry,Brigham,nbrigham1f@google.co.uk,Genderfluid,48
53,Gusty,Grayer,ggrayer1g@slideshare.net,Polygender,95
54,Anestassia,Follett,afollett1h@yahoo.com,Polygender,57
55,Tyler,Heddan,theddan1i@ustream.tv,Polygender,83
56,Cherianne,Glozman,cglozman1j@google.es,Polygender,54
57,Gisella,Marjoribanks,gmarjoribanks1k@google.co.jp,Polygender,82
58,Lizzy,Chessor,lchessor1l@cocolog-nifty.com,Non-binary,55
59,Horatia,Nassau,hnassau1m@vimeo.com,Genderqueer,83
60,Gabriell,Tickel,gtickel1n@deliciousdays.com,Agender,65
61,Morissa,Grimsditch,mgrimsditch1o@google.it,Genderqueer,39
62,Tabbie,Pocke,tpocke1p@myspace.com,Agender,6
63,Tani,Fonquernie,tfonquernie1q@webnode.com,Genderqueer,44
64,Cherey,Stanmer,cstanmer1r@drupal.org,Agender,66
65,Craig,Barnson,cbarnson1s@plala.or.jp,Bigender,59
66,Corliss,Shireff,cshireff1t@msu.edu,Bigender,14
67,Cherey,Slaght,cslaght1u@foxnews.com,Agender,42
68,Wittie,Notley,wnotley1v@google.co.jp,Genderfluid,31
69,Carmina,Milliken,cmilliken1w@nymag.com,Non-binary,43
70,Gypsy,Mathissen,gmathissen1x@barnesandnoble.com,Genderqueer,3
71,Gilberta,Caughtry,gcaughtry1y@vimeo.com,Genderfluid,59
72,Vivianna,Maurice,vmaurice1z@storify.com,Polygender,73
73,Abel,Philcock,aphilcock20@apple.com,Genderqueer,90
74,Saul,Cicco,scicco21@oakley.com,Genderqueer,70
75,Rodge,Maseres,rmaseres22@nba.com,Agender,60
76,Madeleine,Luckman,mluckman23@nbcnews.com,Agender,29
77,Isidor,Haestier,ihaestier24@sakura.ne.jp,Genderqueer,99
78,Sigfrid,Gronav,sgronav25@apple.com,Genderqueer,9
79,Mart,Eidelman,meidelman26@tinypic.com,Agender,55
80,Van,Parkyn,vparkyn27@wikispaces.com,Female,88
81,Collete,Karppi,ckarppi28@sphinn.com,Genderfluid,51
82,Cole,Goodlife,cgoodlife29@engadget.com,Male,70
83,Raimondo,Putton,rputton2a@ameblo.jp,Agender,28
84,Carver,Mintrim,cmintrim2b@cisco.com,Polygender,82
85,Dotti,Gyrgorwicx,dgyrgorwicx2c@berkeley.edu,Agender,4
86,Otho,Bover,obover2d@usatoday.com,Genderqueer,45
87,Trueman,Ciric,tciric2e@amazon.de,Non-binary,98
88,Flora,Sam,fsam2f@harvard.edu,Genderqueer,15
89,Bentley,Torn,btorn2g@census.gov,Non-binary,80
90,Stillman,Wildbore,swildbore2h@artisteer.com,Genderfluid,11
91,Barbi,Robertis,brobertis2i@xrea.com,Agender,87
92,Roseanna,Sterke,rsterke2j@usatoday.com,Non-binary,4
93,Tyrus,Cowpe,tcowpe2k@mapy.cz,Bigender,84
94,Yettie,Ettels,yettels2l@cnet.com,Non-binary,6
95,Eddi,Beese,ebeese2m@amazonaws.com,Male,56
96,Byrann,Wensley,bwensley2n@google.it,Female,76
97,Clementina,Okell,cokell2o@ox.ac.uk,Bigender,90
98,Stillman,Dallosso,sdallosso2p@si.edu,Polygender,27
99,Caroljean,Charter,ccharter2q@indiatimes.com,Female,39
100,Janella,Micco,jmicco2r@archive.org,Agender,37
101,Amelia,Megroff,amegroff2s@shareasale.com,Female,7
102,Phylis,Simonyi,psimonyi2t@house.gov,Polygender,52
103,Egor,Cuppitt,ecuppitt2u@e-recht24.de,Genderqueer,87
104,Portie,Haskey,phaskey2v@hostgator.com,Genderfluid,12
105,Sherwin,Pavese,spavese2w@google.com.au,Bigender,63
106,Allie,Malby,amalby2x@loc.gov,Non-binary,66
107,Justen,Haversum,jhaversum2y@cmu.edu,Genderfluid,45
108,Auberta,Tombs,atombs2z@seesaa.net,Genderfluid,74
109,Hermia,Larder,hlarder30@sohu.com,Genderqueer,87
110,Laina,Baron,lbaron31@plala.or.jp,Bigender,90
111,Sherlock,Jime,sjime32@webnode.com,Genderfluid,92
112,Maurise,Roubert,mroubert33@miibeian.gov.cn,Polygender,84
113,Nonnah,Briereton,nbriereton34@rambler.ru,Genderqueer,32
114,Hilde,Orrett,horrett35@kickstarter.com,Genderqueer,23
115,Donella,Welman,dwelman36@whitehouse.gov,Non-binary,33
116,Halsey,Craufurd,hcraufurd37@cam.ac.uk,Agender,57
117,Jordain,Berndtsson,jberndtsson38@slashdot.org,Polygender,67
118,Beatrix,Garwill,bgarwill39@si.edu,Polygender,63
119,Cecilia,Clewlow,cclewlow3a@netlog.com,Genderqueer,79
120,Brigid,Dugood,bdugood3b@nhs.uk,Agender,57
121,Annmaria,Muat,amuat3c@npr.org,Agender,85
122,Jamie,Joannic,jjoannic3d@cmu.edu,Genderqueer,25
123,Simone,Creagh,screagh3e@unc.edu,Genderqueer,84
124,Willie,Mainwaring,wmainwaring3f@usa.gov,Non-binary,61
125,Zane,Dines,zdines3g@shinystat.com,Genderfluid,33
126,Horatius,Bernardez,hbernardez3h@sbwire.com,Non-binary,99
127,Aubine,Darrington,adarrington3i@360.cn,Polygender,17
128,Stefania,Gouch,sgouch3j@com.com,Non-binary,51
129,Hayward,Pickerill,hpickerill3k@deliciousdays.com,Agender,62
130,Georgette,Vasilchenko,gvasilchenko3l@msn.com,Female,37
131,Viviene,Deare,vdeare3m@mlb.com,Non-binary,97
132,Somerset,Giller,sgiller3n@fema.gov,Agender,71
133,Chrissie,Luard,cluard3o@people.com.cn,Agender,75
134,Shel,Darch,sdarch3p@gnu.org,Polygender,61
135,Ivar,Perillio,iperillio3q@addthis.com,Genderfluid,86
136,Jarib,Moorhead,jmoorhead3r@slashdot.org,Female,19
137,Shaun,Luparto,sluparto3s@nsw.gov.au,Polygender,17
138,Aline,Ahlin,aahlin3t@e-recht24.de,Genderqueer,6
139,Tyler,Downe,tdowne3u@telegraph.co.uk,Agender,1
140,Zerk,Andrioletti,zandrioletti3v@cdc.gov,Male,51
141,Angelico,Mugford,amugford3w@wufoo.com,Male,15
142,Marge,Clymer,mclymer3x@sohu.com,Genderfluid,85
143,Christie,Matej,cmatej3y@trellian.com,Bigender,37
144,Darren,Pisco,dpisco3z@nhs.uk,Polygender,22
145,Rabi,Raddon,rraddon40@dailymotion.com,Polygender,7
146,Pablo,Dyet,pdyet41@deliciousdays.com,Genderqueer,42
147,Alexi,McKenzie,amckenzie42@typepad.com,Female,48
148,Jena,Baskeyfield,jbaskeyfield43@mit.edu,Male,22
149,Lesya,Earley,learley44@wikispaces.com,Agender,9
150,Honey,Eloy,heloy45@clickbank.net,Genderfluid,54
151,Adam,Thorlby,athorlby46@webeden.co.uk,Bigender,25
152,Barton,Urwen,burwen47@vistaprint.com,Female,26
153,Fannie,Latour,flatour48@angelfire.com,Bigender,49
154,Devina,McIlwrath,dmcilwrath49@nyu.edu,Bigender,30
155,Gilberte,Klimp,gklimp4a@joomla.org,Genderfluid,93
156,Etienne,Southeran,esoutheran4b@wiley.com,Bigender,31
157,Elka,Fortun,efortun4c@51.la,Bigender,16
158,Kele,Minkin,kminkin4d@wp.com,Female,47
159,Dedie,Kuhnwald,dkuhnwald4e@yelp.com,Male,79
160,Allison,Messam,amessam4f@statcounter.com,Female,31
161,Tamma,Bierton,tbierton4g@imdb.com,Agender,32
162,Almire,Benoist,abenoist4h@ucoz.com,Polygender,82
163,Willie,Pickervance,wpickervance4i@tinypic.com,Male,17
164,Olenka,Wildt,owildt4j@toplist.cz,Genderqueer,58
165,Bathsheba,Cortese,bcortese4k@hp.com,Non-binary,29
166,Judy,Rennenbach,jrennenbach4l@washington.edu,Agender,77
167,Maddy,Ofer,mofer4m@techcrunch.com,Bigender,35
168,Francoise,Chadwyck,fchadwyck4n@so-net.ne.jp,Bigender,41
169,Andria,Havvock,ahavvock4o@desdev.cn,Male,75
170,Mirabelle,Paffitt,mpaffitt4p@home.pl,Non-binary,16
171,Sile,Kleinstein,skleinstein4q@howstuffworks.com,Genderqueer,71
172,Tait,McSaul,tmcsaul4r@tiny.cc,Genderfluid,21
173,Nikolai,Gibbie,ngibbie4s@washingtonpost.com,Genderqueer,21
174,Ki,Gorusso,kgorusso4t@discovery.com,Bigender,30
175,Orlando,Mazin,omazin4u@census.gov,Agender,88
176,Legra,Jakubski,ljakubski4v@rakuten.co.jp,Polygender,4
177,Bradan,Englishby,benglishby4w@imdb.com,Polygender,8
178,Hattie,Gozney,hgozney4x@tinyurl.com,Bigender,85
179,Somerset,Swaysland,sswaysland4y@chron.com,Genderqueer,76
180,Vachel,Fluit,vfluit4z@reference.com,Agender,97
181,Jacques,Tonge,jtonge50@aol.com,Male,89
182,Nikolaus,Pachmann,npachmann51@smh.com.au,Agender,58
183,Adolphe,Lehrle,alehrle52@scribd.com,Genderqueer,72
184,Genia,Ingleby,gingleby53@noaa.gov,Polygender,64
185,Merv,Milne,mmilne54@wp.com,Bigender,85
186,Elyn,Bolgar,ebolgar55@netscape.com,Non-binary,49
187,Bernarr,Hanrahan,bhanrahan56@aboutads.info,Bigender,77
188,Devan,Vlies,dvlies57@princeton.edu,Agender,45
189,Cheslie,Doulton,cdoulton58@oracle.com,Polygender,4
190,Geno,Reape,greape59@deliciousdays.com,Bigender,71
191,Blanca,Matysik,bmatysik5a@youtu.be,Male,96
192,Joby,Devo,jdevo5b@forbes.com,Agender,92
193,Ferdinand,Glanert,fglanert5c@angelfire.com,Male,26
194,Lorri,Grellier,lgrellier5d@google.cn,Polygender,94
195,Zaccaria,Connechie,zconnechie5e@comcast.net,Polygender,46
196,Bryana,De Ruel,bderuel5f@goodreads.com,Male,60
197,Fairleigh,Balaison,fbalaison5g@tinyurl.com,Male,14
198,Miner,Breznovic,mbreznovic5h@tumblr.com,Agender,77
199,Augustine,Blitzer,ablitzer5i@vk.com,Polygender,9
200,Verna,Burrus,vburrus5j@instagram.com,Male,29
201,Neddy,Ollin,nollin5k@parallels.com,Male,91
202,Garrett,Fitt,gfitt5l@devhub.com,Agender,35
203,Brenden,Macoun,bmacoun5m@cbslocal.com,Non-binary,100
204,Corina,Dundridge,cdundridge5n@naver.com,Male,43
205,Idell,Bromley,ibromley5o@intel.com,Female,15
206,Anton,Cromett,acromett5p@topsy.com,Non-binary,72
207,Loretta,Garrattley,lgarrattley5q@narod.ru,Agender,51
208,Alfie,Mendel,amendel5r@artisteer.com,Bigender,5
209,Joli,Planque,jplanque5s@themeforest.net,Male,26
210,Dinnie,Ibeson,dibeson5t@sogou.com,Polygender,63
211,Riane,Bragg,rbragg5u@hibu.com,Female,88
212,Stephi,Davidek,sdavidek5v@columbia.edu,Genderqueer,66
213,Waldon,Whiteland,wwhiteland5w@devhub.com,Agender,59
214,Elva,Swanson,eswanson5x@scribd.com,Non-binary,23
215,Carmina,Minall,cminall5y@columbia.edu,Non-binary,42
216,Marney,MacFadzean,mmacfadzean5z@howstuffworks.com,Genderfluid,64
217,Sheba,Lucia,slucia60@sogou.com,Polygender,74
218,Robbert,Marien,rmarien61@rediff.com,Genderfluid,40
219,Fredek,MacKimmie,fmackimmie62@gravatar.com,Genderfluid,20
220,Denyse,Dallman,ddallman63@usda.gov,Non-binary,40
221,Gisele,de Merida,gdemerida64@pen.io,Male,72
222,Emera,Coghill,ecoghill65@eventbrite.com,Polygender,13
223,Percival,Malam,pmalam66@cbsnews.com,Non-binary,26
224,Allin,Aloway,aaloway67@google.it,Female,82
225,Fanni,Ramshay,framshay68@nbcnews.com,Genderqueer,52
226,Rice,Butterley,rbutterley69@csmonitor.com,Male,13
227,Lion,Fabbro,lfabbro6a@tuttocitta.it,Genderfluid,87
228,Weylin,Mickelwright,wmickelwright6b@cdc.gov,Non-binary,30
229,Ashly,Jewett,ajewett6c@de.vu,Non-binary,86
230,Venus,Courtliff,vcourtliff6d@about.me,Genderfluid,58
231,Jilly,Dinnington,jdinnington6e@cafepress.com,Polygender,44
232,Lorne,MacNeachtain,lmacneachtain6f@amazon.co.uk,Genderqueer,5
233,Rici,Gumm,rgumm6g@squidoo.com,Polygender,7
234,Rene,Alasdair,ralasdair6h@hexun.com,Polygender,49
235,Gennie,Hinks,ghinks6i@thetimes.co.uk,Female,5
236,Zonda,Lopes,zlopes6j@sogou.com,Genderfluid,66
237,Uriel,Lanfare,ulanfare6k@engadget.com,Agender,95
238,Sly,Pearne,spearne6l@fema.gov,Bigender,14
239,Constancy,Berrane,cberrane6m@free.fr,Polygender,7
240,Heindrick,Murison,hmurison6n@skyrock.com,Bigender,29
241,Jaquelyn,Howe,jhowe6o@google.de,Agender,30
242,Bobbe,Nerger,bnerger6p@pagesperso-orange.fr,Non-binary,96
243,Kata,Greenhalgh,kgreenhalgh6q@arstechnica.com,Genderfluid,16
244,Meredith,Probbing,mprobbing6r@fema.gov,Genderfluid,59
245,Maggy,Berka,mberka6s@icio.us,Polygender,16
246,Hermione,Glanister,hglanister6t@edublogs.org,Non-binary,36
247,Cybill,Maleham,cmaleham6u@who.int,Non-binary,67
248,Myrlene,Caney,mcaney6v@va.gov,Genderqueer,46
249,Archer,Mell,amell6w@ucsd.edu,Genderfluid,81
250,Norbie,Swinglehurst,nswinglehurst6x@cornell.edu,Genderqueer,14
251,Elisabet,Beushaw,ebeushaw6y@indiegogo.com,Genderqueer,57
252,Melisenda,Petrelluzzi,mpetrelluzzi6z@photobucket.com,Genderfluid,92
253,Farrel,Bedells,fbedells70@odnoklassniki.ru,Polygender,62
254,Alli,Twigley,atwigley71@yandex.ru,Genderfluid,83
255,Lock,Hyde-Chambers,lhydechambers72@umich.edu,Non-binary,37
256,Brandea,Pigden,bpigden73@forbes.com,Genderfluid,11
257,Lyon,Bruhnicke,lbruhnicke74@umich.edu,Non-binary,91
258,Lilli,Kaygill,lkaygill75@globo.com,Agender,1
259,Vance,Gluyus,vgluyus76@pcworld.com,Female,89
260,Basia,Dummigan,bdummigan77@marriott.com,Genderqueer,96
261,Sibyl,Letts,sletts78@hatena.ne.jp,Genderqueer,96
262,Merrile,Setford,msetford79@nature.com,Polygender,7
263,Krystalle,Roxby,kroxby7a@intel.com,Genderfluid,53
264,Camella,Robardey,crobardey7b@va.gov,Male,55
265,Nester,Wilcher,nwilcher7c@toplist.cz,Genderfluid,72
266,Rosa,Boissier,rboissier7d@shutterfly.com,Polygender,31
267,Berta,Pierse,bpierse7e@soundcloud.com,Bigender,80
268,Misty,Wardel,mwardel7f@github.io,Female,85
269,Englebert,Calderon,ecalderon7g@mashable.com,Polygender,60
270,Rory,Lutman,rlutman7h@sina.com.cn,Bigender,4
271,Cornelia,Sandom,csandom7i@google.com.au,Non-binary,24
272,Mia,Chetwin,mchetwin7j@google.com.br,Agender,72
273,Chalmers,Tregensoe,ctregensoe7k@ustream.tv,Male,65
274,Zerk,Woodrow,zwoodrow7l@mashable.com,Non-binary,16
275,Dominic,Beathem,dbeathem7m@woothemes.com,Bigender,9
276,Birgit,Glasscoo,bglasscoo7n@irs.gov,Male,54
277,Luce,Keaveny,lkeaveny7o@hexun.com,Genderqueer,29
278,Gaynor,Attride,gattride7p@pinterest.com,Female,66
279,Caty,Weeks,cweeks7q@liveinternet.ru,Non-binary,47
280,Iago,Mohamed,imohamed7r@yahoo.co.jp,Genderqueer,2
281,Jeralee,Luckham,jluckham7s@nih.gov,Bigender,47
282,Lorette,Deverille,ldeverille7t@cnbc.com,Female,44
283,Carly,Petti,cpetti7u@ustream.tv,Polygender,7
284,Gage,Newborn,gnewborn7v@lycos.com,Male,75
285,Herbie,Aslum,haslum7w@geocities.com,Female,62
286,Adoree,Dincke,adincke7x@buzzfeed.com,Male,62
287,Sharl,Di Franceshci,sdifranceshci7y@springer.com,Bigender,27
288,Melvyn,Lamps,mlamps7z@cbc.ca,Non-binary,50
289,Laraine,Pettegre,lpettegre80@mit.edu,Male,53
290,Marget,Philipsohn,mphilipsohn81@earthlink.net,Genderfluid,85
291,Chad,Grabiec,cgrabiec82@ca.gov,Male,35
292,Tiebold,Archbold,tarchbold83@marriott.com,Non-binary,88
293,Rory,Bozier,rbozier84@ustream.tv,Agender,24
294,Beryle,Edensor,bedensor85@github.io,Non-binary,92
295,Denice,Jiras,djiras86@myspace.com,Male,97
296,Muriel,Risebarer,mrisebarer87@apple.com,Bigender,93
297,Latrina,Letixier,lletixier88@youtu.be,Non-binary,78
298,Juliana,Inchley,jinchley89@youtube.com,Agender,69
299,Vincenty,Welfair,vwelfair8a@cisco.com,Female,10
300,Eugenie,Mosedall,emosedall8b@moonfruit.com,Genderfluid,85
301,Elliott,Mallall,emallall8c@huffingtonpost.com,Genderqueer,4
302,Heloise,Halliberton,hhalliberton8d@rediff.com,Polygender,62
303,Olag,Wilprecht,owilprecht8e@devhub.com,Male,3
304,Madeline,Spolton,mspolton8f@independent.co.uk,Male,62
305,Giraud,Feragh,gferagh8g@addtoany.com,Genderfluid,78
306,Retha,Paddle,rpaddle8h@symantec.com,Genderqueer,65
307,Farrel,Huntall,fhuntall8i@scientificamerican.com,Male,4
308,Reeba,Aldham,raldham8j@hatena.ne.jp,Female,4
309,Linnet,Portman,lportman8k@weather.com,Bigender,57
310,Bren,Tuffs,btuffs8l@simplemachines.org,Non-binary,6
311,Colet,Towler,ctowler8m@goo.ne.jp,Non-binary,32
312,Raviv,Sellors,rsellors8n@wikispaces.com,Bigender,51
313,Issie,Gisburn,igisburn8o@hostgator.com,Non-binary,54
314,Mozes,Cordobes,mcordobes8p@com.com,Polygender,51
315,Yehudit,Offer,yoffer8q@nba.com,Male,57
316,Huntington,Carette,hcarette8r@europa.eu,Female,69
317,Cleopatra,Frogley,cfrogley8s@live.com,Male,66
318,Codee,Bydaway,cbydaway8t@paginegialle.it,Polygender,75
319,Dodie,Mantrip,dmantrip8u@hc360.com,Agender,66
320,Maxine,Mosby,mmosby8v@apple.com,Genderfluid,28
321,Priscilla,De Simoni,pdesimoni8w@auda.org.au,Female,70
322,Lockwood,McMillan,lmcmillan8x@yellowbook.com,Genderfluid,65
323,Leonora,Fancutt,lfancutt8y@e-recht24.de,Female,78
324,Kimberly,McFeate,kmcfeate8z@mozilla.com,Genderqueer,91
325,Frasier,Addess,faddess90@technorati.com,Male,77
326,Brenden,Faccini,bfaccini91@shinystat.com,Genderqueer,57
327,Elfrieda,Cristofalo,ecristofalo92@addtoany.com,Agender,56
328,Lydon,Kitter,lkitter93@redcross.org,Female,70
329,Rand,Cumberland,rcumberland94@4shared.com,Male,21
330,Tannie,Kose,tkose95@thetimes.co.uk,Genderqueer,50
331,Florrie,Puttnam,fputtnam96@example.com,Non-binary,35
332,Devondra,Reichartz,dreichartz97@woothemes.com,Polygender,56
333,Bernhard,Risman,brisman98@fotki.com,Female,21
334,Therine,Rebert,trebert99@dagondesign.com,Non-binary,79
335,Nina,Van Schafflaer,nvanschafflaer9a@google.co.jp,Genderfluid,70
336,Myra,Russen,mrussen9b@yandex.ru,Bigender,93
337,Cornelia,Jepperson,cjepperson9c@angelfire.com,Male,82
338,Jacques,Fossett,jfossett9d@npr.org,Agender,29
339,Nell,Gossop,ngossop9e@noaa.gov,Female,37
340,Aarika,Glamart,aglamart9f@ft.com,Polygender,72
341,Constantino,Isakowicz,cisakowicz9g@alibaba.com,Female,54
342,Jewell,Gueinn,jgueinn9h@blogger.com,Non-binary,19
343,Andreas,Inde,ainde9i@techcrunch.com,Bigender,64
344,Steven,Seaman,sseaman9j@engadget.com,Genderqueer,83
345,Brandon,Illing,billing9k@sina.com.cn,Female,49
346,Konstantin,Basindale,kbasindale9l@businessinsider.com,Bigender,75
347,Sada,Pankettman,spankettman9m@wiley.com,Non-binary,94
348,Elissa,Diviney,ediviney9n@ebay.com,Genderfluid,12
349,Farr,Gethin,fgethin9o@cisco.com,Agender,100
350,Ellsworth,Hollingdale,ehollingdale9p@shinystat.com,Male,34
351,Ethelred,Tinsley,etinsley9q@imageshack.us,Agender,11
352,Gaven,Yaknov,gyaknov9r@hostgator.com,Female,61
353,Zondra,Burbage,zburbage9s@sciencedaily.com,Polygender,35
354,Nap,Aery,naery9t@cam.ac.uk,Polygender,92
355,Flori,Yaxley,fyaxley9u@rakuten.co.jp,Bigender,29
356,Germaine,Izkovicz,gizkovicz9v@chron.com,Agender,47
357,Fawn,Daton,fdaton9w@networksolutions.com,Non-binary,22
358,Jeromy,Stoppe,jstoppe9x@angelfire.com,Female,55
359,Jesse,Senechault,jsenechault9y@yelp.com,Non-binary,65
360,Maisie,Charlon,mcharlon9z@ihg.com,Genderqueer,56
361,Solomon,Fishleigh,sfishleigha0@oracle.com,Non-binary,77
362,Noami,Klyner,nklynera1@cnet.com,Genderfluid,80
363,Van,Cairns,vcairnsa2@deliciousdays.com,Non-binary,68
364,Benita,Teasey,bteaseya3@ameblo.jp,Genderfluid,38
365,Gustave,Steaning,gsteaninga4@mediafire.com,Genderfluid,39
366,Baxter,Mayler,bmaylera5@hibu.com,Bigender,39
367,Theresita,Abbatucci,tabbatuccia6@google.ca,Male,58
368,Willi,Titman,wtitmana7@histats.com,Genderfluid,95
369,Alana,Shane,ashanea8@deviantart.com,Non-binary,4
370,Sande,Bruckental,sbruckentala9@joomla.org,Female,29
371,Isabeau,Ferron,iferronaa@forbes.com,Bigender,16
372,Margaux,Berth,mberthab@twitpic.com,Bigender,67
373,Aime,Wanklyn,awanklynac@soup.io,Male,30
374,Waldon,Challenor,wchallenorad@sakura.ne.jp,Bigender,3
375,Sibylle,Martinets,smartinetsae@telegraph.co.uk,Male,59
376,Buiron,Stempe,bstempeaf@fda.gov,Non-binary,16
377,Jacqueline,Kennaird,jkennairdag@wikimedia.org,Bigender,70
378,Pauline,Mapes,pmapesah@rediff.com,Bigender,99
379,Amandy,Folliss,afollissai@wired.com,Female,18
380,King,Setchfield,ksetchfieldaj@nature.com,Genderqueer,5
381,Noby,O'Crigane,nocriganeak@de.vu,Non-binary,15
382,Audra,St. Hill,asthillal@sfgate.com,Polygender,47
383,Clark,Moodycliffe,cmoodycliffeam@nytimes.com,Agender,17
384,Kathye,Cassella,kcassellaan@google.cn,Male,38
385,Grayce,Pietraszek,gpietraszekao@amazonaws.com,Non-binary,62
386,Mil,Grunguer,mgrunguerap@amazonaws.com,Male,20
387,Jolyn,Millom,jmillomaq@4shared.com,Male,21
388,Dudley,Wrankmore,dwrankmorear@devhub.com,Bigender,60
389,Daniella,Wegman,dwegmanas@sbwire.com,Polygender,41
390,Dorothy,Sinson,dsinsonat@state.tx.us,Genderqueer,80
391,Ralf,Gyford,rgyfordau@infoseek.co.jp,Polygender,1
392,Terencio,Cardenosa,tcardenosaav@squidoo.com,Bigender,68
393,Randy,Willbraham,rwillbrahamaw@uol.com.br,Genderfluid,61
394,Aundrea,Procter,aprocterax@qq.com,Male,82
395,Arvie,Winterscale,awinterscaleay@nymag.com,Agender,99
396,Cullin,Redholls,credhollsaz@wordpress.org,Genderfluid,57
397,Daisey,Guinane,dguinaneb0@nps.gov,Male,62
398,Gayle,Dodshon,gdodshonb1@mapquest.com,Female,57
399,Codi,Byles,cbylesb2@exblog.jp,Non-binary,92
400,Althea,Letteresse,aletteresseb3@istockphoto.com,Male,45
401,Creight,Cracker,ccrackerb4@alexa.com,Male,27
402,Tabina,Perch,tperchb5@princeton.edu,Bigender,65
403,Mufi,Beeton,mbeetonb6@google.pl,Bigender,11
404,De witt,Stanaway,dstanawayb7@wix.com,Genderfluid,69
405,Bartholomeus,Hadwin,bhadwinb8@eventbrite.com,Non-binary,18
406,Dot,Matovic,dmatovicb9@cloudflare.com,Female,53
407,Duky,Hasling,dhaslingba@com.com,Polygender,7
408,Garrick,Bassom,gbassombb@theguardian.com,Genderqueer,45
409,Lorna,Rawls,lrawlsbc@moonfruit.com,Male,10
410,Lesley,Woodrooffe,lwoodrooffebd@xrea.com,Female,13
411,Shellysheldon,Yelden,syeldenbe@opensource.org,Non-binary,65
412,Chloette,Edens,cedensbf@dagondesign.com,Genderfluid,35
413,Valli,Pallin,vpallinbg@pinterest.com,Polygender,6
414,Melania,Spurden,mspurdenbh@sfgate.com,Bigender,81
415,Aigneis,Fitzjohn,afitzjohnbi@miitbeian.gov.cn,Polygender,18
416,Claudie,McOrkil,cmcorkilbj@woothemes.com,Male,27
417,Josephina,Swinyard,jswinyardbk@google.it,Genderfluid,13
418,Kellby,Van der Kruijs,kvanderkruijsbl@hp.com,Genderfluid,17
419,Kati,Heyward,kheywardbm@baidu.com,Genderfluid,68
420,Jeffry,Frie,jfriebn@wikispaces.com,Polygender,80
421,Fletch,MacNeilage,fmacneilagebo@youtube.com,Agender,45
422,Aurilia,McCloud,amccloudbp@mapy.cz,Agender,61
423,Pincas,Aird,pairdbq@t-online.de,Polygender,27
424,Kacie,O'Fearguise,kofearguisebr@macromedia.com,Polygender,18
425,Janice,Wigley,jwigleybs@deliciousdays.com,Female,72
426,Natty,Rudge,nrudgebt@sourceforge.net,Agender,8
427,Carlin,Sneesby,csneesbybu@google.com,Polygender,88
428,Syman,Annets,sannetsbv@acquirethisname.com,Female,56
429,Cherie,Cordet,ccordetbw@xinhuanet.com,Bigender,59
430,Donetta,Ruilton,druiltonbx@apple.com,Male,60
431,Ulrich,Ellse,uellseby@constantcontact.com,Agender,39
432,Colette,MacCafferky,cmaccafferkybz@rakuten.co.jp,Agender,73
433,Timotheus,Sooley,tsooleyc0@woothemes.com,Genderfluid,78
434,Devondra,Rosengart,drosengartc1@example.com,Non-binary,40
435,Katerine,Jager,kjagerc2@blogtalkradio.com,Non-binary,77
436,Rosemarie,Andrini,randrinic3@berkeley.edu,Female,94
437,Marven,Arkill,markillc4@sogou.com,Genderqueer,97
438,Aeriela,Doylend,adoylendc5@scientificamerican.com,Polygender,60
439,Caprice,Mougenel,cmougenelc6@microsoft.com,Male,61
440,Alejandrina,Kilmister,akilmisterc7@globo.com,Non-binary,55
441,Constantia,Dohmann,cdohmannc8@4shared.com,Genderqueer,36
442,Mareah,Bagot,mbagotc9@chron.com,Polygender,57
443,Rand,Newall,rnewallca@skyrock.com,Female,49
444,Dunn,Morad,dmoradcb@histats.com,Polygender,32
445,Pauli,Dederich,pdederichcc@tinyurl.com,Non-binary,26
446,Janifer,Rispen,jrispencd@lulu.com,Non-binary,4
447,Norby,Paulou,npaulouce@youtu.be,Female,95
448,Phillie,Minghetti,pminghetticf@washington.edu,Bigender,76
449,Jasmin,Treacy,jtreacycg@usa.gov,Bigender,71
450,Blakeley,Hynson,bhynsonch@google.cn,Genderqueer,19
451,Brent,Bullivent,bbulliventci@google.pl,Bigender,84
452,Dimitry,Vye,dvyecj@discovery.com,Genderqueer,56
453,Saxe,Flecknoe,sflecknoeck@mysql.com,Genderfluid,90
454,Janean,Emms,jemmscl@hostgator.com,Genderfluid,77
455,Chrystel,Bass,cbasscm@ezinearticles.com,Bigender,81
456,Ajay,Leif,aleifcn@163.com,Polygender,10
457,Lydon,Stannion,lstannionco@t.co,Non-binary,63
458,Eilis,Viant,eviantcp@dedecms.com,Female,78
459,Royall,Argue,rarguecq@w3.org,Bigender,93
460,Jermaine,Ricciardelli,jricciardellicr@wikispaces.com,Non-binary,35
461,Merwin,Cornilleau,mcornilleaucs@nature.com,Genderfluid,22
462,Dannye,Beastall,dbeastallct@amazon.de,Genderqueer,33
463,Wright,Norwood,wnorwoodcu@prlog.org,Genderqueer,18
464,Prentiss,Landa,plandacv@google.es,Non-binary,51
465,Trenton,Durnford,tdurnfordcw@parallels.com,Polygender,90
466,Oralee,Flecknoe,oflecknoecx@twitter.com,Polygender,38
467,Winnie,Iveson,wivesoncy@clickbank.net,Male,65
468,Lionello,Connechy,lconnechycz@theatlantic.com,Non-binary,20
469,Normand,Leban,nleband0@admin.ch,Agender,4
470,Griffie,Curror,gcurrord1@chron.com,Male,29
471,Nancee,Tevlin,ntevlind2@example.com,Female,37
472,Dorothea,Wortt,dworttd3@tumblr.com,Female,55
473,Yank,Hasnip,yhasnipd4@discovery.com,Bigender,56
474,Kaiser,Boxen,kboxend5@prlog.org,Genderqueer,50
475,Eveline,Hallen,ehallend6@seesaa.net,Female,89
476,Maynard,Lawfull,mlawfulld7@blogtalkradio.com,Agender,67
477,Rupert,De Moreno,rdemorenod8@foxnews.com,Polygender,87
478,Mariquilla,Crewther,mcrewtherd9@noaa.gov,Genderfluid,49
479,Claudine,Narbett,cnarbettda@yolasite.com,Non-binary,18
480,Alister,Bodesson,abodessondb@wix.com,Agender,97
481,Meade,German,mgermandc@behance.net,Genderqueer,13
482,Minna,Peace,mpeacedd@shutterfly.com,Polygender,92
483,Tonya,Dukes,tdukesde@boston.com,Genderqueer,46
484,Kermit,Swinn,kswinndf@sciencedaily.com,Male,35
485,Ilysa,Gadman,igadmandg@addthis.com,Polygender,95
486,Germain,Bovingdon,gbovingdondh@over-blog.com,Male,9
487,Brynne,Aulton,baultondi@163.com,Male,52
488,Eduardo,Picardo,epicardodj@prnewswire.com,Non-binary,32
489,Dinnie,Lorincz,dlorinczdk@w3.org,Non-binary,4
490,Tabby,Scouller,tscoullerdl@topsy.com,Genderqueer,76
491,Barret,Olijve,bolijvedm@baidu.com,Female,45
492,Manny,Chilcott,mchilcottdn@tamu.edu,Male,61
493,Jennette,Axleby,jaxlebydo@4shared.com,Genderfluid,2
494,Ernst,Spensley,espensleydp@linkedin.com,Non-binary,39
495,Carling,McCulley,cmcculleydq@harvard.edu,Agender,98
496,April,Dilke,adilkedr@xing.com,Genderfluid,9
497,Marchelle,Bart,mbartds@over-blog.com,Genderfluid,63
498,Scotti,Barkworth,sbarkworthdt@jugem.jp,Genderfluid,45
499,Grissel,Riply,griplydu@yandex.ru,Female,91
500,Marta,Matchitt,mmatchittdv@home.pl,Female,62
501,Willey,Yeoland,wyeolanddw@google.pl,Non-binary,17
502,Astrid,Eddy,aeddydx@home.pl,Polygender,11
503,Essa,Garvie,egarviedy@wikispaces.com,Non-binary,83
504,Lib,Rebichon,lrebichondz@ucla.edu,Agender,60
505,Jemie,Mitton,jmittone0@deliciousdays.com,Male,21
506,Florri,Balsellie,fbalselliee1@salon.com,Male,37
507,Benjamen,Vasechkin,bvasechkine2@paypal.com,Male,70
508,Ragnar,Ashborne,rashbornee3@google.it,Female,49
509,Jermaine,Gaskarth,jgaskarthe4@hugedomains.com,Female,92
510,Obadiah,Derell,oderelle5@samsung.com,Genderqueer,20
511,Mervin,Rebillard,mrebillarde6@seesaa.net,Female,64
512,Lula,Matignon,lmatignone7@chicagotribune.com,Polygender,43
513,Basilius,Gatecliff,bgatecliffe8@zimbio.com,Agender,38
514,Essie,Borborough,eborboroughe9@nba.com,Genderqueer,84
515,Kristyn,Ibbison,kibbisonea@xinhuanet.com,Agender,39
516,Lorrin,Yurlov,lyurloveb@ocn.ne.jp,Genderqueer,79
517,Shela,Segot,ssegotec@bluehost.com,Female,54
518,Jill,Gonzalvo,jgonzalvoed@google.com.br,Female,45
519,Lauryn,Kardos-Stowe,lkardosstoweee@mlb.com,Male,16
520,Alfonse,O'Heffernan,aoheffernanef@google.ca,Male,89
521,Liza,McKendry,lmckendryeg@skyrock.com,Agender,71
522,Angela,Feldon,afeldoneh@nps.gov,Polygender,13
523,Celestine,Benallack,cbenallackei@wired.com,Female,44
524,Lorie,Stanislaw,lstanislawej@state.gov,Non-binary,76
525,Blanche,Boxer,bboxerek@hao123.com,Non-binary,95
526,Boyd,Mattock,bmattockel@ft.com,Genderfluid,58
527,Beatrice,Jacob,bjacobem@rambler.ru,Genderfluid,92
528,Wally,Levy,wlevyen@phpbb.com,Agender,9
529,Cooper,Chorlton,cchorltoneo@time.com,Non-binary,28
530,Starlin,Aspey,saspeyep@live.com,Female,1
531,Ariel,Malin,amalineq@rakuten.co.jp,Male,75
532,Jamie,Jeger,jjegerer@about.me,Agender,36
533,Adolphus,Rubin,arubines@apache.org,Genderqueer,36
534,Cece,Keable,ckeableet@amazon.co.uk,Male,63
535,Ric,Gaskill,rgaskilleu@artisteer.com,Polygender,11
536,Dominica,Bontine,dbontineev@un.org,Genderfluid,60
537,Nicolle,Kirrage,nkirrageew@fastcompany.com,Genderfluid,81
538,Pat,Tamas,ptamasex@toplist.cz,Bigender,58
539,Juanita,Yeulet,jyeuletey@state.tx.us,Non-binary,11
540,Tierney,Brobeck,tbrobeckez@woothemes.com,Bigender,59
541,Mayer,Brocket,mbrocketf0@forbes.com,Genderfluid,53
542,Almira,Chooter,achooterf1@list-manage.com,Polygender,53
543,Irvin,Benazet,ibenazetf2@privacy.gov.au,Genderqueer,18
544,Maggi,Wyles,mwylesf3@godaddy.com,Non-binary,75
545,Jorry,Heinonen,jheinonenf4@flickr.com,Agender,98
546,Alonzo,Drinkall,adrinkallf5@devhub.com,Bigender,15
547,Kamilah,Temporal,ktemporalf6@prnewswire.com,Polygender,20
548,Jacky,Hasley,jhasleyf7@tmall.com,Male,17
549,Bill,Gutch,bgutchf8@amazonaws.com,Genderqueer,84
550,Sidnee,Gross,sgrossf9@trellian.com,Polygender,24
551,Merrile,Pugh,mpughfa@baidu.com,Female,66
552,Idell,Brewett,ibrewettfb@stumbleupon.com,Bigender,98
553,Cyndy,Attril,cattrilfc@princeton.edu,Genderfluid,69
554,Raynell,Colliar,rcolliarfd@theguardian.com,Bigender,100
555,Reynard,Towler,rtowlerfe@meetup.com,Polygender,53
556,Milissent,Rudram,mrudramff@ebay.com,Agender,86
557,Hobart,Friedank,hfriedankfg@hubpages.com,Polygender,95
558,Felice,Balnave,fbalnavefh@pen.io,Female,79
559,Trstram,Matschoss,tmatschossfi@google.ru,Bigender,8
560,Hunter,Lowndsborough,hlowndsboroughfj@ihg.com,Male,46
561,Umeko,Daenen,udaenenfk@addtoany.com,Agender,9
562,Cecil,Vaisey,cvaiseyfl@sina.com.cn,Genderfluid,39
563,Patricio,Sheron,psheronfm@friendfeed.com,Non-binary,39
564,Vaclav,Terbrugge,vterbruggefn@infoseek.co.jp,Genderqueer,1
565,Nata,Kornousek,nkornousekfo@last.fm,Polygender,59
566,Vic,Nathon,vnathonfp@kickstarter.com,Genderfluid,80
567,Cart,Strathdee,cstrathdeefq@tuttocitta.it,Male,75
568,Delmore,Angric,dangricfr@unicef.org,Genderfluid,1
569,Harmony,Ryam,hryamfs@webeden.co.uk,Polygender,8
570,Adolpho,Picard,apicardft@sciencedirect.com,Bigender,85
571,Devland,Saltmarshe,dsaltmarshefu@hud.gov,Polygender,68
572,Birgit,Laughton,blaughtonfv@privacy.gov.au,Non-binary,22
573,Davy,Towey,dtoweyfw@samsung.com,Non-binary,34
574,Trever,Ravillas,travillasfx@symantec.com,Genderfluid,56
575,Alberik,Threadgill,athreadgillfy@networksolutions.com,Male,78
576,Julius,Kinahan,jkinahanfz@woothemes.com,Genderqueer,15
577,Kingston,Selborne,kselborneg0@bbb.org,Non-binary,82
578,Zaria,Gradon,zgradong1@free.fr,Genderfluid,89
579,Rusty,Parzis,rparzisg2@slashdot.org,Agender,40
580,Paulita,Krebs,pkrebsg3@yelp.com,Male,55
581,Staffard,Shury,sshuryg4@hhs.gov,Polygender,31
582,Laurel,Fairn,lfairng5@list-manage.com,Genderqueer,52
583,Nanete,Wandrey,nwandreyg6@mit.edu,Genderqueer,66
584,Harmony,Vowells,hvowellsg7@vinaora.com,Polygender,81
585,Corly,Kamen,ckameng8@gnu.org,Genderqueer,8
586,Alden,Ollivierre,aollivierreg9@blogs.com,Female,5
587,Shaun,Gribbell,sgribbellga@de.vu,Genderfluid,86
588,Lexie,End,lendgb@thetimes.co.uk,Agender,12
589,Bendite,Gallop,bgallopgc@shop-pro.jp,Male,47
590,Helsa,Kerrane,hkerranegd@google.cn,Non-binary,67
591,Ashil,Strewthers,astrewthersge@youku.com,Genderqueer,68
592,Reggie,Battie,rbattiegf@rediff.com,Female,88
593,Marcy,Espasa,mespasagg@multiply.com,Agender,50
594,Pammy,McKeag,pmckeaggh@fastcompany.com,Agender,64
595,Carmita,Romer,cromergi@naver.com,Female,69
596,Cosme,Kinchley,ckinchleygj@topsy.com,Agender,76
597,Myriam,Phethean,mphetheangk@gizmodo.com,Agender,88
598,Sidonia,Hunnybun,shunnybungl@edublogs.org,Male,88
599,Claude,Woollett,cwoollettgm@globo.com,Genderqueer,42
600,Michelina,Firk,mfirkgn@psu.edu,Non-binary,39
601,Shane,Dominiak,sdominiakgo@nydailynews.com,Genderqueer,94
602,Brandyn,Rodolico,brodolicogp@cmu.edu,Polygender,17
603,Nicol,Clemmitt,nclemmittgq@unesco.org,Bigender,86
604,Cornie,Prickett,cprickettgr@china.com.cn,Genderqueer,59
605,Pris,MacLachlan,pmaclachlangs@cisco.com,Male,74
606,Juana,Baude,jbaudegt@engadget.com,Genderqueer,65
607,Blayne,Jelliman,bjellimangu@prnewswire.com,Polygender,85
608,Lindie,Kings,lkingsgv@sphinn.com,Non-binary,54
609,Earle,Van,evangw@plala.or.jp,Female,16
610,Catarina,Walentynowicz,cwalentynowiczgx@unc.edu,Male,73
611,Cacilia,Howsden,chowsdengy@nymag.com,Female,96
612,Marci,Lutas,mlutasgz@creativecommons.org,Female,27
613,Jemmy,Ivetts,jivettsh0@home.pl,Male,72
614,Edlin,Arnke,earnkeh1@miitbeian.gov.cn,Non-binary,11
615,Sharity,Gregoli,sgregolih2@i2i.jp,Genderfluid,22
616,Benedikta,Burren,bburrenh3@bbb.org,Male,61
617,Gwenette,Mafham,gmafhamh4@godaddy.com,Genderfluid,12
618,Adah,Rableau,arableauh5@istockphoto.com,Genderfluid,62
619,Margaretta,Fould,mfouldh6@digg.com,Bigender,99
620,Galvin,Rockliffe,grockliffeh7@buzzfeed.com,Genderfluid,83
621,Rosette,Yerrall,ryerrallh8@slate.com,Male,46
622,Dolph,Flawn,dflawnh9@squidoo.com,Genderfluid,99
623,Deloris,Kingston,dkingstonha@cisco.com,Agender,71
624,Ludovika,Castillo,lcastillohb@smugmug.com,Polygender,7
625,Gratiana,Poller,gpollerhc@springer.com,Bigender,40
626,Lauren,Woehler,lwoehlerhd@stumbleupon.com,Agender,30
627,Basile,Garred,bgarredhe@vistaprint.com,Bigender,97
628,Ezmeralda,Wooler,ewoolerhf@opera.com,Female,23
629,Meridith,Holleran,mholleranhg@admin.ch,Male,40
630,Frannie,Rushmer,frushmerhh@tinyurl.com,Bigender,63
631,Jemimah,Gounel,jgounelhi@zdnet.com,Male,23
632,Em,Coutthart,ecouttharthj@storify.com,Male,100
633,Vivia,Ackerley,vackerleyhk@ted.com,Female,45
634,Eberto,Devereu,edevereuhl@tumblr.com,Male,10
635,Michaelina,Camlin,mcamlinhm@omniture.com,Male,89
636,Emilie,Virgo,evirgohn@eventbrite.com,Genderqueer,64
637,Darcey,Gilogly,dgiloglyho@1und1.de,Polygender,77
638,Alisa,Droghan,adroghanhp@earthlink.net,Male,88
639,Kerk,Hanby,khanbyhq@wsj.com,Genderqueer,94
640,Berkly,Woodrow,bwoodrowhr@youku.com,Male,19
641,Glynis,Selwin,gselwinhs@webs.com,Male,89
642,Modesta,Scollick,mscollickht@wired.com,Polygender,62
643,Viola,MacMoyer,vmacmoyerhu@pen.io,Genderfluid,74
644,Gwendolyn,Boon,gboonhv@economist.com,Bigender,1
645,Gwendolin,Andrioletti,gandriolettihw@sakura.ne.jp,Non-binary,52
646,Truman,Tripon,ttriponhx@usatoday.com,Female,44
647,Casar,Vasler,cvaslerhy@constantcontact.com,Agender,36
648,Chico,Baselio,cbaseliohz@ning.com,Non-binary,35
649,Smitty,Lemanu,slemanui0@sciencedaily.com,Genderqueer,30
650,Padget,Ribeiro,pribeiroi1@vimeo.com,Agender,49
651,Gale,Rock,grocki2@rakuten.co.jp,Male,93
652,Tisha,Tallboy,ttallboyi3@cpanel.net,Genderfluid,19
653,Montague,Martellini,mmartellinii4@is.gd,Agender,1
654,Rosella,Bartalin,rbartalini5@smh.com.au,Male,43
655,Sherye,Berrycloth,sberryclothi6@networkadvertising.org,Female,27
656,Clarette,Neeves,cneevesi7@cyberchimps.com,Male,97
657,Ryann,Stenyng,rstenyngi8@jimdo.com,Female,46
658,Dulci,Yeardley,dyeardleyi9@addtoany.com,Genderqueer,13
659,Gordie,Doxsey,gdoxseyia@whitehouse.gov,Female,69
660,Daffie,McGrorty,dmcgrortyib@jugem.jp,Agender,73
661,Klarika,Giamitti,kgiamittiic@bbc.co.uk,Male,14
662,Elnore,Kunzler,ekunzlerid@yellowbook.com,Bigender,93
663,Delmor,Silcox,dsilcoxie@istockphoto.com,Male,74
664,Hubert,Wooler,hwoolerif@barnesandnoble.com,Agender,76
665,Munmro,Hamm,mhammig@comcast.net,Polygender,63
666,Marika,Crennell,mcrennellih@lulu.com,Non-binary,29
667,Gizela,Cullity,gcullityii@usda.gov,Agender,52
668,Hymie,Perello,hperelloij@ezinearticles.com,Genderqueer,70
669,Catie,Bernth,cbernthik@plala.or.jp,Bigender,25
670,Kellyann,Margery,kmargeryil@t-online.de,Polygender,65
671,Alano,Labb,alabbim@gizmodo.com,Genderfluid,45
672,Margareta,Fallens,mfallensin@mit.edu,Genderfluid,100
673,Lynde,Trengove,ltrengoveio@toplist.cz,Genderqueer,90
674,Tailor,Mixter,tmixterip@dmoz.org,Genderfluid,23
675,Phyllida,Spellar,pspellariq@nih.gov,Female,31
676,Skelly,Snoddin,ssnoddinir@feedburner.com,Female,53
677,Jeffry,Mowson,jmowsonis@over-blog.com,Agender,7
678,Jillie,Smieton,jsmietonit@icio.us,Genderqueer,40
679,Cyb,Ellif,cellifiu@bluehost.com,Genderqueer,64
680,Pietrek,Ivanenkov,pivanenkoviv@technorati.com,Female,6
681,Clarabelle,Tagg,ctaggiw@sitemeter.com,Agender,59
682,Abel,Kmiec,akmiecix@xing.com,Bigender,61
683,Janella,Rogans,jrogansiy@last.fm,Genderfluid,57
684,Jeanna,Escritt,jescrittiz@lulu.com,Genderqueer,36
685,Simone,Risley,srisleyj0@twitter.com,Male,15
686,Hercule,Ramey,hrameyj1@sbwire.com,Agender,26
687,Arluene,Kittel,akittelj2@w3.org,Non-binary,90
688,Bat,Chimenti,bchimentij3@privacy.gov.au,Genderqueer,13
689,Fidelio,Linnane,flinnanej4@accuweather.com,Bigender,43
690,Marney,Gynn,mgynnj5@dmoz.org,Genderqueer,52
691,Emilee,MacMurray,emacmurrayj6@mail.ru,Genderfluid,82
692,Gena,Minchell,gminchellj7@vinaora.com,Female,50
693,Oswell,Moles,omolesj8@lycos.com,Agender,17
694,Lizzy,Sapsforde,lsapsfordej9@about.com,Male,14
695,Putnem,Ginglell,pginglellja@yolasite.com,Polygender,58
696,Roarke,Dilawey,rdilaweyjb@addtoany.com,Agender,47
697,Pip,Sankey,psankeyjc@chicagotribune.com,Agender,36
698,Alfonso,Leveret,aleveretjd@sun.com,Non-binary,89
699,Ethelred,Boake,eboakeje@nymag.com,Genderqueer,26
700,Rheba,Gerrelts,rgerreltsjf@1688.com,Genderfluid,66
701,Karie,Cornewell,kcornewelljg@amazon.co.uk,Non-binary,56
702,Virgie,Galia,vgaliajh@ft.com,Genderqueer,51
703,Minda,Forson,mforsonji@woothemes.com,Non-binary,100
704,Elyssa,Petlyura,epetlyurajj@1688.com,Polygender,80
705,Michele,Lohrensen,mlohrensenjk@who.int,Non-binary,64
706,Hebert,Tonkes,htonkesjl@dot.gov,Female,92
707,Guglielma,Whitcher,gwhitcherjm@craigslist.org,Female,7
708,Marshal,Souza,msouzajn@comsenz.com,Polygender,44
709,Beverlee,Pauwel,bpauweljo@mlb.com,Female,63
710,Collette,Houseman,chousemanjp@psu.edu,Agender,65
711,Haleigh,Haywood,hhaywoodjq@washingtonpost.com,Polygender,71
712,Shayna,Yakobowitz,syakobowitzjr@topsy.com,Agender,55
713,Tam,Ansett,tansettjs@oaic.gov.au,Non-binary,100
714,Rickie,Meeus,rmeeusjt@fotki.com,Polygender,39
715,Blanche,Brownsey,bbrownseyju@yolasite.com,Bigender,13
716,Oralee,Baselli,obasellijv@jigsy.com,Male,2
717,Verney,D'Angeli,vdangelijw@cocolog-nifty.com,Genderqueer,32
718,Laurens,Evanson,levansonjx@nytimes.com,Agender,84
719,Hubie,Maggi,hmaggijy@deviantart.com,Non-binary,3
720,Elwin,Verry,everryjz@baidu.com,Agender,35
721,Lenore,Middlebrook,lmiddlebrookk0@yellowbook.com,Female,8
722,Michaela,Whopples,mwhopplesk1@bloomberg.com,Bigender,88
723,Nert,Murgatroyd,nmurgatroydk2@washingtonpost.com,Non-binary,9
724,Idaline,Tschierse,itschiersek3@bigcartel.com,Female,25
725,Aggy,Scriven,ascrivenk4@time.com,Non-binary,78
726,Leoline,St Ledger,lstledgerk5@mapquest.com,Male,10
727,Gwenette,MacAllen,gmacallenk6@over-blog.com,Non-binary,3
728,Carin,Medforth,cmedforthk7@tuttocitta.it,Agender,28
729,Cris,Ciccotti,cciccottik8@mapy.cz,Genderqueer,56
730,Garvy,McMenemy,gmcmenemyk9@imdb.com,Genderqueer,9
731,Laurice,Brachell,lbrachellka@woothemes.com,Genderfluid,46
732,Vale,Cheson,vchesonkb@squarespace.com,Non-binary,65
733,Artemas,Ismirnioglou,aismirniogloukc@sun.com,Genderqueer,7
734,Prisca,Woolager,pwoolagerkd@networkadvertising.org,Genderqueer,79
735,Decca,Janny,djannyke@sciencedaily.com,Polygender,7
736,Cos,Hubble,chubblekf@biblegateway.com,Non-binary,7
737,Linnet,Draper,ldraperkg@blogspot.com,Agender,15
738,Rodd,Bartleman,rbartlemankh@cbc.ca,Polygender,80
739,Staci,Goldstraw,sgoldstrawki@opera.com,Agender,20
740,Waite,Leythley,wleythleykj@sohu.com,Polygender,20
741,Paxon,Stanesby,pstanesbykk@usgs.gov,Bigender,84
742,Kalil,Ilyuchyov,kilyuchyovkl@rambler.ru,Female,66
743,Claiborne,Ragless,craglesskm@theatlantic.com,Bigender,12
744,Dewitt,Gandey,dgandeykn@gravatar.com,Non-binary,14
745,Beth,Brownsell,bbrownsellko@narod.ru,Genderfluid,90
746,Deane,Bessey,dbesseykp@jiathis.com,Bigender,8
747,Kiah,Penas,kpenaskq@samsung.com,Female,1
748,Nessa,Peyzer,npeyzerkr@ucla.edu,Female,63
749,Ritchie,Fritchley,rfritchleyks@soup.io,Agender,61
750,Sheba,MacGarrity,smacgarritykt@rakuten.co.jp,Female,71
751,Avrit,Benko,abenkoku@purevolume.com,Agender,85
752,Brier,Bishopp,bbishoppkv@mozilla.com,Genderfluid,8
753,Carissa,Harrod,charrodkw@php.net,Polygender,13
754,Alvira,Lloyd,alloydkx@irs.gov,Female,99
755,Ivett,Sandford,isandfordky@domainmarket.com,Bigender,8
756,Fraze,Baxandall,fbaxandallkz@furl.net,Genderfluid,68
757,Didi,Georgelin,dgeorgelinl0@example.com,Female,67
758,Joelynn,Renyard,jrenyardl1@topsy.com,Polygender,8
759,Loralee,Whaymand,lwhaymandl2@europa.eu,Genderfluid,80
760,Hervey,Priestley,hpriestleyl3@shop-pro.jp,Polygender,45
761,Jason,Merrett,jmerrettl4@umn.edu,Genderqueer,23
762,Gelya,Laverick,glaverickl5@cyberchimps.com,Male,8
763,Jasun,Grewes,jgrewesl6@lycos.com,Male,99
764,Mellicent,Brunsdon,mbrunsdonl7@creativecommons.org,Female,43
765,Karlyn,Tellenbrook,ktellenbrookl8@dagondesign.com,Genderqueer,54
766,Frans,Theurer,ftheurerl9@archive.org,Genderqueer,6
767,Rubia,Lathbury,rlathburyla@nps.gov,Agender,27
768,Alla,Mc Gee,amcgeelb@smh.com.au,Genderqueer,66
769,Corinne,Antognoni,cantognonilc@marketwatch.com,Genderfluid,65
770,Kristofer,Luisetti,kluisettild@ovh.net,Bigender,82
771,Riane,Braga,rbragale@patch.com,Male,40
772,Brianna,Jarmaine,bjarmainelf@ycombinator.com,Bigender,44
773,Cosette,Allbrook,callbrooklg@webs.com,Male,61
774,Elmira,Raffin,eraffinlh@odnoklassniki.ru,Female,57
775,Albie,Battams,abattamsli@istockphoto.com,Bigender,88
776,Raf,Samsworth,rsamsworthlj@boston.com,Female,90
777,Smitty,Springett,sspringettlk@naver.com,Male,90
778,Tanny,Earwaker,tearwakerll@imdb.com,Male,15
779,Bel,Whaites,bwhaiteslm@seattletimes.com,Genderqueer,12
780,Herve,Iannetti,hiannettiln@wix.com,Genderqueer,56
781,Kimmie,Ding,kdinglo@seattletimes.com,Bigender,80
782,Glynn,Gribbins,ggribbinslp@examiner.com,Male,80
783,Raimundo,Jedras,rjedraslq@usgs.gov,Polygender,60
784,Harlin,Woehler,hwoehlerlr@stanford.edu,Polygender,94
785,Helaine,Nicolls,hnicollsls@businesswire.com,Non-binary,94
786,Jennifer,Loxdale,jloxdalelt@adobe.com,Non-binary,5
787,Hilde,Moyler,hmoylerlu@sitemeter.com,Female,36
788,Nerta,Owttrim,nowttrimlv@google.nl,Non-binary,74
789,Reyna,Sorbie,rsorbielw@joomla.org,Polygender,31
790,Carmelina,Brashier,cbrashierlx@google.co.jp,Male,9
791,Poppy,Lorrain,plorrainly@amazonaws.com,Bigender,25
792,Sherwynd,Kehoe,skehoelz@facebook.com,Genderfluid,39
793,Glynn,Oldaker,goldakerm0@merriam-webster.com,Male,20
794,Teador,Braferton,tbrafertonm1@comcast.net,Male,72
795,Shelden,Deehan,sdeehanm2@wiley.com,Polygender,69
796,Jeanna,De Fries,jdefriesm3@bandcamp.com,Bigender,8
797,Alexa,Roskelly,aroskellym4@virginia.edu,Non-binary,18
798,Grazia,Cran,gcranm5@t-online.de,Bigender,95
799,Doe,Goare,dgoarem6@ftc.gov,Polygender,1
800,Fleur,Cinavas,fcinavasm7@amazon.co.jp,Genderfluid,97
801,Gene,Zapata,gzapatam8@blogspot.com,Male,37
802,Gusti,MacGown,gmacgownm9@jigsy.com,Genderqueer,42
803,Cicily,Greneham,cgrenehamma@soup.io,Non-binary,55
804,Olva,Solman,osolmanmb@gnu.org,Non-binary,73
805,Livia,Watman,lwatmanmc@virginia.edu,Non-binary,84
806,Blondy,Moogan,bmooganmd@businesswire.com,Male,19
807,Sam,Caveney,scaveneyme@examiner.com,Female,89
808,Edward,Carillo,ecarillomf@meetup.com,Non-binary,3
809,Sander,Linner,slinnermg@phpbb.com,Polygender,38
810,Mitchel,Turnpenny,mturnpennymh@mediafire.com,Agender,22
811,Marco,Mansel,mmanselmi@nature.com,Genderfluid,66
812,Sibbie,Cutten,scuttenmj@issuu.com,Bigender,21
813,Harlen,Eade,heademk@stanford.edu,Polygender,50
814,Kikelia,Meak,kmeakml@ycombinator.com,Non-binary,3
815,Onofredo,Balam,obalammm@imageshack.us,Genderfluid,71
816,Datha,McKeaney,dmckeaneymn@nydailynews.com,Bigender,67
817,Kelley,Attwool,kattwoolmo@webmd.com,Bigender,7
818,Audrie,McMeanma,amcmeanmamp@blogger.com,Genderqueer,57
819,Pamela,Herety,pheretymq@skyrock.com,Agender,2
820,George,Orriss,gorrissmr@pinterest.com,Non-binary,74
821,Marla,Riggs,mriggsms@biglobe.ne.jp,Genderqueer,83
822,Zia,Peiser,zpeisermt@dmoz.org,Bigender,1
823,Bartholomeo,Goymer,bgoymermu@nyu.edu,Non-binary,8
824,Dorita,Hanton,dhantonmv@digg.com,Bigender,4
825,Randal,Rominov,rrominovmw@va.gov,Bigender,48
826,Gusella,Iannazzi,giannazzimx@utexas.edu,Polygender,2
827,Michelle,Bardsley,mbardsleymy@fema.gov,Genderqueer,74
828,Bucky,Cars,bcarsmz@ox.ac.uk,Genderqueer,35
829,Patrizius,Parrot,pparrotn0@disqus.com,Male,77
830,Midge,Buesden,mbuesdenn1@businessinsider.com,Genderqueer,88
831,Meredith,Patek,mpatekn2@odnoklassniki.ru,Non-binary,33
832,Ami,Gatward,agatwardn3@behance.net,Female,61
833,Camella,Simmins,csimminsn4@ehow.com,Genderqueer,67
834,Tilly,Braitling,tbraitlingn5@meetup.com,Male,16
835,Burty,Pridgeon,bpridgeonn6@amazon.com,Genderqueer,46
836,Kimmy,Nowaczyk,knowaczykn7@ucoz.com,Polygender,68
837,Delaney,Hurll,dhurlln8@twitter.com,Genderqueer,87
838,Vonny,Miroy,vmiroyn9@jigsy.com,Non-binary,19
839,Lek,Vader,lvaderna@jugem.jp,Polygender,17
840,Harmonie,Emor,hemornb@china.com.cn,Bigender,31
841,Malvina,Klausewitz,mklausewitznc@phoca.cz,Non-binary,73
842,Robinette,McEvon,rmcevonnd@icio.us,Bigender,37
843,Shayna,Clausius,sclausiusne@addthis.com,Female,98
844,Paige,Shermore,pshermorenf@flavors.me,Bigender,15
845,Andrej,Jorat,ajoratng@blogs.com,Non-binary,69
846,Jeanelle,Tenney,jtenneynh@alexa.com,Female,62
847,Hettie,Ralph,hralphni@hhs.gov,Non-binary,2
848,Lorraine,Dome,ldomenj@webnode.com,Non-binary,80
849,Sharleen,Kenewel,skenewelnk@youtube.com,Genderfluid,17
850,Roch,Decourcy,rdecourcynl@bizjournals.com,Agender,53
851,Georgetta,Cossar,gcossarnm@va.gov,Genderfluid,44
852,Nerissa,Jacquemet,njacquemetnn@toplist.cz,Agender,99
853,Lilllie,Charte,lcharteno@usgs.gov,Genderqueer,39
854,Nels,Tanswell,ntanswellnp@redcross.org,Bigender,67
855,Pegeen,Duker,pdukernq@liveinternet.ru,Polygender,31
856,Nevile,Hillborne,nhillbornenr@opensource.org,Bigender,21
857,Shaine,Di Gregorio,sdigregorions@geocities.com,Genderqueer,43
858,Elicia,Shemmin,eshemminnt@kickstarter.com,Bigender,10
859,Byrom,Sussems,bsussemsnu@nature.com,Female,66
860,Orlan,Skoof,oskoofnv@spotify.com,Bigender,68
861,Masha,Bramich,mbramichnw@hibu.com,Female,99
862,Jeanine,Rennenbach,jrennenbachnx@house.gov,Non-binary,81
863,Douglas,Dollimore,ddollimoreny@drupal.org,Agender,56
864,Marcelia,Galletley,mgalletleynz@umn.edu,Non-binary,45
865,Germayne,Knaggs,gknaggso0@baidu.com,Bigender,47
866,Wheeler,Benbow,wbenbowo1@blogs.com,Bigender,56
867,Ash,Simmans,asimmanso2@virginia.edu,Male,48
868,Benny,Eva,bevao3@netscape.com,Bigender,82
869,Amory,Giannassi,agiannassio4@freewebs.com,Female,74
870,Franni,Bezants,fbezantso5@uol.com.br,Male,60
871,Rafael,Marshall,rmarshallo6@geocities.jp,Bigender,38
872,Claudelle,Culcheth,cculchetho7@icio.us,Agender,25
873,Sheena,Truckett,strucketto8@infoseek.co.jp,Male,91
874,Gian,End,gendo9@4shared.com,Bigender,83
875,Cly,Bastable,cbastableoa@typepad.com,Genderqueer,1
876,Janette,Curdell,jcurdellob@jalbum.net,Non-binary,57
877,Carroll,Grinnikov,cgrinnikovoc@mediafire.com,Genderqueer,86
878,Stanley,Akett,sakettod@privacy.gov.au,Non-binary,75
879,Torin,Bansal,tbansaloe@blinklist.com,Female,60
880,Caryl,Morrott,cmorrottof@is.gd,Genderfluid,76
881,Dalton,Jimmes,djimmesog@odnoklassniki.ru,Genderqueer,38
882,Lorant,Sugge,lsuggeoh@ca.gov,Agender,32
883,Costa,Pester,cpesteroi@whitehouse.gov,Non-binary,70
884,Merry,Carbonell,mcarbonelloj@about.com,Bigender,55
885,Alfie,Shovlin,ashovlinok@cocolog-nifty.com,Agender,60
886,Timmie,Keme,tkemeol@nsw.gov.au,Bigender,74
887,Cassy,Beet,cbeetom@slate.com,Genderfluid,93
888,Darlene,Lethibridge,dlethibridgeon@wisc.edu,Bigender,70
889,Bondy,Varnam,bvarnamoo@baidu.com,Agender,74
890,Milly,O'Sherin,mosherinop@vk.com,Female,36
891,Yehudi,Causbey,ycausbeyoq@arstechnica.com,Non-binary,31
892,Levon,Duffan,lduffanor@joomla.org,Male,28
893,Madelon,Nell,mnellos@dedecms.com,Non-binary,3
894,Gary,Durrans,gdurransot@ustream.tv,Polygender,60
895,Abbie,Ratnage,aratnageou@ucoz.com,Bigender,77
896,Francklyn,Cowap,fcowapov@va.gov,Genderqueer,33
897,Kerry,Chung,kchungow@shop-pro.jp,Genderfluid,44
898,Morgan,Aldren,maldrenox@cisco.com,Agender,67
899,Der,Laweles,dlawelesoy@goodreads.com,Agender,44
900,Nisse,Dallimore,ndallimoreoz@so-net.ne.jp,Agender,76
901,Isaiah,Simounet,isimounetp0@marriott.com,Male,74
902,Emmy,Fiddler,efiddlerp1@washingtonpost.com,Female,10
903,Kirsteni,Raisbeck,kraisbeckp2@reverbnation.com,Genderfluid,32
904,Corty,Fehner,cfehnerp3@fastcompany.com,Genderqueer,21
905,Bale,Tace,btacep4@nature.com,Polygender,60
906,Caye,Boggish,cboggishp5@issuu.com,Bigender,36
907,Doris,Mallinder,dmallinderp6@t.co,Agender,55
908,Glynis,Willbourne,gwillbournep7@vimeo.com,Genderqueer,3
909,Ferguson,Jacobsohn,fjacobsohnp8@weibo.com,Non-binary,42
910,Maressa,Fleg,mflegp9@nyu.edu,Female,77
911,Griswold,Parkinson,gparkinsonpa@plala.or.jp,Genderfluid,51
912,Aldwin,Bohje,abohjepb@umich.edu,Bigender,56
913,Konstanze,O'Regan,koreganpc@dagondesign.com,Female,47
914,Uriel,Chantrell,uchantrellpd@qq.com,Male,48
915,Wat,Brunsden,wbrunsdenpe@zdnet.com,Bigender,89
916,Jacquelin,Karpenya,jkarpenyapf@alibaba.com,Genderfluid,58
917,Riane,Jeannot,rjeannotpg@stumbleupon.com,Male,96
918,Janeva,Birkett,jbirkettph@flickr.com,Agender,11
919,Clara,Verdie,cverdiepi@smh.com.au,Genderfluid,34
920,Ingelbert,Bakey,ibakeypj@cafepress.com,Genderfluid,13
921,Anabal,Dummigan,adummiganpk@goo.gl,Bigender,17
922,Meredeth,Cuttle,mcuttlepl@vistaprint.com,Agender,53
923,Colet,Woodeson,cwoodesonpm@google.it,Agender,22
924,Rianon,Gladdish,rgladdishpn@xinhuanet.com,Agender,25
925,Jasmina,Leavesley,jleavesleypo@foxnews.com,Bigender,79
926,Zechariah,Faircley,zfaircleypp@example.com,Genderqueer,27
927,Ardith,Osbourn,aosbournpq@homestead.com,Non-binary,78
928,Garwin,Apark,gaparkpr@skype.com,Female,80
929,Iseabal,Hendrich,ihendrichps@hp.com,Male,45
930,Nataline,Martt,nmarttpt@boston.com,Bigender,19
931,Eduard,Spadari,espadaripu@webeden.co.uk,Non-binary,95
932,Danyette,Herculeson,dherculesonpv@cnbc.com,Bigender,38
933,Rogerio,Giovannazzi,rgiovannazzipw@businesswire.com,Agender,99
934,Darnell,Ghirardi,dghirardipx@springer.com,Bigender,75
935,Akim,Cavill,acavillpy@marriott.com,Bigender,27
936,Anatollo,Tonbridge,atonbridgepz@tumblr.com,Male,2
937,Bryan,Osgarby,bosgarbyq0@disqus.com,Agender,99
938,Kamillah,Ramelet,krameletq1@artisteer.com,Genderqueer,74
939,Omar,Onslow,oonslowq2@ed.gov,Agender,69
940,Vilma,Slatford,vslatfordq3@uiuc.edu,Female,24
941,Quincy,Bladon,qbladonq4@webs.com,Polygender,25
942,Franky,Cockarill,fcockarillq5@imdb.com,Genderfluid,8
943,Mellisent,Fieldhouse,mfieldhouseq6@hugedomains.com,Male,28
944,Marnia,Younger,myoungerq7@jimdo.com,Genderfluid,37
945,Case,Youhill,cyouhillq8@nhs.uk,Genderfluid,74
946,Abbie,Mularkey,amularkeyq9@linkedin.com,Genderfluid,10
947,Jecho,Jeschner,jjeschnerqa@google.es,Agender,65
948,Tierney,Philippon,tphilipponqb@disqus.com,Agender,6
949,Vaughan,Roughsedge,vroughsedgeqc@goodreads.com,Female,89
950,Florri,Hallitt,fhallittqd@indiatimes.com,Genderqueer,10
951,Gualterio,Riddich,griddichqe@vk.com,Female,32
952,Giavani,Hesbrook,ghesbrookqf@people.com.cn,Genderqueer,29
953,Worthy,Silliman,wsillimanqg@hostgator.com,Male,42
954,Henrietta,Benley,hbenleyqh@yelp.com,Genderqueer,17
955,Alikee,Auger,aaugerqi@istockphoto.com,Genderqueer,41
956,Teena,Mattack,tmattackqj@yahoo.co.jp,Male,37
957,Tedda,Leggin,tlegginqk@merriam-webster.com,Male,9
958,Basilio,Screen,bscreenql@etsy.com,Female,76
959,Sibylla,Jiggens,sjiggensqm@list-manage.com,Genderfluid,86
960,Taddeo,Lendon,tlendonqn@bluehost.com,Male,3
961,Toby,Niblock,tniblockqo@globo.com,Bigender,13
962,Belle,Fulloway,bfullowayqp@examiner.com,Genderqueer,75
963,Towney,Boich,tboichqq@samsung.com,Genderfluid,23
964,Leupold,Van Zon,lvanzonqr@soup.io,Genderfluid,26
965,Niel,McReedy,nmcreedyqs@bravesites.com,Agender,18
966,Xylia,Vankov,xvankovqt@squidoo.com,Genderqueer,6
967,Henrik,Fontin,hfontinqu@telegraph.co.uk,Female,20
968,Anny,Rust,arustqv@google.ru,Polygender,45
969,Bea,Board,bboardqw@list-manage.com,Polygender,89
970,Rafferty,McCleverty,rmcclevertyqx@huffingtonpost.com,Genderfluid,25
971,Coralie,Hourihane,chourihaneqy@last.fm,Agender,51
972,Rozamond,Fancett,rfancettqz@hc360.com,Female,30
973,Cloe,Kyllford,ckyllfordr0@com.com,Polygender,28
974,Renaud,Habbershon,rhabbershonr1@slideshare.net,Bigender,88
975,Gayla,Antonioni,gantonionir2@psu.edu,Female,21
976,Petronilla,Farnworth,pfarnworthr3@privacy.gov.au,Agender,15
977,Tymon,Crinidge,tcrinidger4@archive.org,Polygender,3
978,Rudiger,Goldthorpe,rgoldthorper5@senate.gov,Genderqueer,69
979,Guinevere,Stratten,gstrattenr6@cbc.ca,Male,4
980,Hieronymus,Kwietek,hkwietekr7@51.la,Female,84
981,Leeanne,Greenfield,lgreenfieldr8@so-net.ne.jp,Agender,60
982,Hertha,Snelling,hsnellingr9@loc.gov,Genderqueer,32
983,Trula,Sember,tsemberra@flickr.com,Genderqueer,46
984,Byron,Blennerhassett,bblennerhassettrb@apache.org,Female,91
985,Baryram,Kettle,bkettlerc@hao123.com,Agender,40
986,Merell,Dougill,mdougillrd@uiuc.edu,Genderfluid,26
987,Aili,Lambourne,alambournere@buzzfeed.com,Non-binary,42
988,Antoni,Crump,acrumprf@pcworld.com,Bigender,65
989,Alf,Yoxen,ayoxenrg@huffingtonpost.com,Genderfluid,51
990,Agata,Gauler,agaulerrh@hexun.com,Male,45
991,Bambie,Rouge,brougeri@wordpress.com,Agender,72
992,Catina,Insley,cinsleyrj@bloglines.com,Female,75
993,Beckie,Waldocke,bwaldockerk@webs.com,Non-binary,36
994,Leigh,Riveles,lrivelesrl@spotify.com,Female,46
995,Mahmoud,Sayward,msaywardrm@yellowpages.com,Polygender,89
996,Maryl,Espinho,mespinhorn@businesswire.com,Female,98
997,Corby,Olland,collandro@kickstarter.com,Agender,68
998,Linet,Wilshaw,lwilshawrp@de.vu,Genderqueer,90
999,Roderich,Fforde,rfforderq@list-manage.com,Female,16
1000,Hieronymus,O'Clery,hocleryrr@noaa.gov,Female,48
